name,name2,chrom,genoStrand,genoLength,repName,repStart,repLength,repFamily,repClass,repStrand,classification,len_classification,completeSeq
ENST00000219054.10,ACSM2A,chr16,+,35208,MER58A,20485487,180,hAT-Charlie,DNA,-,Intron,180,MER58A_range=chr16:20485487-20485667_strand=-
ENST00000338353.3,FAM78B,chr1,-,96950,MIRb,166094876,178,MIR,SINE,-,Intron,178,MIRb_range=chr1:166094876-166095054_strand=-
ENST00000343067.9,EPB41,chr1,+,205473,AluSx,29001055,283,Alu,SINE,+,Intron,283,AluSx_range=chr1:29001055-29001338_strand=+
ENST00000363481.1,Y_RNA,chr5,-,110,Tigger4b,98937239,291,TcMar-Tigger,DNA,-,Promoter_Region,291,Tigger4b_range=chr5:98937239-98937530_strand=-
ENST00000700575.1,JAKMIP1,chr4,-,146759,GA-rich,6152035,149,Low_complexity,Low_complexity,+,Intron,149,GA-rich_range=chr4:6152035-6152184_strand=+
ENST00000682090.1,GRIK2,chr6,+,888813,MIR,101490173,248,MIR,SINE,-,Intron,248,MIR_range=chr6:101490173-101490421_strand=-
ENST00000243298.3,RAB9B,chrX,-,9931,L2c,103829618,77,L2,LINE,-,Intron,77,L2c_range=chrX:103829618-103829695_strand=-
ENST00000590842.5,TPGS2,chr18,-,42270,(CCT)n,36828616,41,Simple_repeat,Simple_repeat,+,Intron,41,(CCT)n_range=chr18:36828616-36828657_strand=+
ENST00000384298.1,Y_RNA,chrX,-,102,LTR33,18394916,86,ERVL,LTR,+,Intron,86,LTR33_range=chrX:18394916-18395002_strand=+
ENST00000370673.7,SAMD13,chr1,+,52433,AluSz,84306517,313,Alu,SINE,+,Intron,313,AluSz_range=chr1:84306517-84306830_strand=+
ENST00000667233.1,LINC01807,chr2,-,358433,MSTA,228598131,81,ERVL-MaLR,LTR,-,Intron,81,MSTA_range=chr2:228598131-228598212_strand=-
ENST00000698833.1,NBPF20,chr1,-,135599,L1ME3A,145423021,135,L1,LINE,+,Intron,135,L1ME3A_range=chr1:145423021-145423156_strand=+
ENST00000384652.1,Y_RNA,chr17,-,105,L2a,62661067,235,L2,LINE,-,Intron,235,L2a_range=chr17:62661067-62661302_strand=-
ENST00000265713.8,KAT6A,chr8,-,122509,L1ME1,42011911,367,L1,LINE,+,Intron,367,L1ME1_range=chr8:42011911-42012278_strand=+
ENST00000263969.9,MFN1,chr3,+,43736,A-rich,179365048,32,Low_complexity,Low_complexity,+,Intron,32,A-rich_range=chr3:179365048-179365080_strand=+
ENST00000319562.11,FARP1,chr13,+,312083,AluSc5,98287797,302,Alu,SINE,-,Intron,302,AluSc5_range=chr13:98287797-98288099_strand=-
ENST00000396013.5,STARD3NL,chr7,+,52031,(A)n,38178864,22,Simple_repeat,Simple_repeat,+,Intron,22,(A)n_range=chr7:38178864-38178886_strand=+
ENST00000321731.8,C14orf39,chr14,-,50108,L2a,60437340,377,L2,LINE,-,Intron,377,L2a_range=chr14:60437340-60437717_strand=-
ENST00000645379.1,HULC,chr6,+,791439,LTR12C,9040590,1454,ERV1,LTR,+,Intron,1454,LTR12C_range=chr6:9040590-9042044_strand=+
ENST00000286424.12,TMBIM4,chr12,-,32123,(TCCT)n,66150371,45,Simple_repeat,Simple_repeat,+,Intron,45,(TCCT)n_range=chr12:66150371-66150416_strand=+
ENST00000689150.1,GLYATL1,chr11,+,17030,L1MD,58952062,391,L1,LINE,-,Intron,391,L1MD_range=chr11:58952062-58952453_strand=-
ENST00000689244.1,LINC02520,chr6,+,19550,L2a,37522550,239,L2,LINE,-,Intron,239,L2a_range=chr6:37522550-37522789_strand=-
ENST00000651593.1,MGMT,chr10,+,303743,L1MEc,129634162,1430,L1,LINE,-,Intron,1430,L1MEc_range=chr10:129634162-129635592_strand=-
ENST00000590910.1,RIT2,chr18,-,372181,L1ME3B,42986328,77,L1,LINE,+,Intron,77,L1ME3B_range=chr18:42986328-42986405_strand=+
ENST00000671304.1,ENSG00000251574,chr5,-,237661,(T)n,104714572,28,Simple_repeat,Simple_repeat,+,Intron,28,(T)n_range=chr5:104714572-104714600_strand=+
ENST00000507224.5,LRBA,chr4,-,700555,L1MEc,150523867,240,L1,LINE,-,Intron,240,L1MEc_range=chr4:150523867-150524107_strand=-
ENST00000535215.5,TSPAN11,chr12,+,65220,MIR,30981368,100,MIR,SINE,-,Intron,100,MIR_range=chr12:30981368-30981468_strand=-
ENST00000361569.8,MAPK10,chr4,-,436702,L1ME4b,86431155,236,L1,LINE,+,Intron,236,L1ME4b_range=chr4:86431155-86431391_strand=+
ENST00000363011.1,Y_RNA,chr10,-,104,L1MC4a,92272283,296,L1,LINE,-,Promoter_Region,296,L1MC4a_range=chr10:92272283-92272579_strand=-
ENST00000382496.10,SEMA5A,chr5,-,511043,L1MA4,9285851,195,L1,LINE,+,Intron,195,L1MA4_range=chr5:9285851-9286046_strand=+
ENST00000691485.1,RGS7,chr1,-,581849,(TAAA)n,240985949,45,Simple_repeat,Simple_repeat,+,Intron,45,(TAAA)n_range=chr1:240985949-240985994_strand=+
ENST00000611451.4,KIR3DL1,chr19_KI270886v1_alt,-,14309,MLT1D,38961,497,ERVL-MaLR,LTR,-,Intron,497,MLT1D_range=chr19_KI270886v1_alt:38961-39458_strand=-
ENST00000629185.2,TEX41,chr2,+,114349,L1ME1,145152557,1600,L1,LINE,-,Intron,1600,L1ME1_range=chr2:145152557-145154157_strand=-
ENST00000523068.2,PVT1,chr8,+,305224,L2c,128075328,80,L2,LINE,+,Intron,80,L2c_range=chr8:128075328-128075408_strand=+
ENST00000393274.6,DENND2C,chr1,-,87200,MER2,114652843,224,TcMar-Tigger,DNA,-,Intron,224,MER2_range=chr1:114652843-114653067_strand=-
ENST00000644646.2,RELCH,chr18,+,122995,MIR3,62287944,130,MIR,SINE,-,Intron,130,MIR3_range=chr18:62287944-62288074_strand=-
ENST00000706327.1,LINC01013,chr6,+,175779,L2c,131998852,65,L2,LINE,+,Intron,65,L2c_range=chr6:131998852-131998917_strand=+
ENST00000647980.1,HDAC8,chrX,-,243280,MIR,72434745,156,MIR,SINE,-,Intron,156,MIR_range=chrX:72434745-72434901_strand=-
ENST00000362931.1,Y_RNA,chr17,+,109,L1MA2,69984851,1134,L1,LINE,+,Promoter_Region,1134,L1MA2_range=chr17:69984851-69985985_strand=+
ENST00000493112.5,SUCLG2,chr3,-,294151,LTR33C,67535206,151,ERVL,LTR,-,Intron,151,LTR33C_range=chr3:67535206-67535357_strand=-
ENST00000644397.2,PCDH15,chr10,-,998461,MIR,54125595,108,MIR,SINE,+,Intron,108,MIR_range=chr10:54125595-54125703_strand=+
ENST00000699762.1,PMS2,chr7,-,38145,L2a,5976253,194,L2,LINE,+,Intron,194,L2a_range=chr7:5976253-5976447_strand=+
ENST00000633063.3,ZCCHC8,chr12,-,29333,L1ME3G,122480908,299,L1,LINE,-,Intron,299,L1ME3G_range=chr12:122480908-122481207_strand=-
ENST00000632617.1,Y_RNA,chr15_KQ031389v1_alt,+,105,L1MB3,353829,192,L1,LINE,+,Intron,192,L1MB3_range=chr15_KQ031389v1_alt:353829-354021_strand=+
ENST00000613506.4,MBOAT7,chr19_GL949753v2_alt,-,16627,FLAM_C,150964,132,Alu,SINE,-,Intron,132,FLAM_C_range=chr19_GL949753v2_alt:150964-151096_strand=-
ENST00000406374.5,MAST4,chr5,+,390144,L2,66638848,425,L2,LINE,-,Intron,425,L2_range=chr5:66638848-66639273_strand=-
ENST00000547116.5,FAR2,chr12,+,110328,LTR7,29275066,400,ERV1,LTR,-,Intron,400,LTR7_range=chr12:29275066-29275466_strand=-
ENST00000337907.7,RERE,chr1,-,465069,THE1C,8652468,369,ERVL-MaLR,LTR,-,Intron,369,THE1C_range=chr1:8652468-8652837_strand=-
ENST00000669212.1,KLF3-AS1,chr4,-,53081,AluY,38632508,304,Alu,SINE,+,Intron,304,AluY_range=chr4:38632508-38632812_strand=+
ENST00000552744.5,SYT1,chr12,+,404664,MIRb,79446144,121,MIR,SINE,+,Intron,121,MIRb_range=chr12:79446144-79446265_strand=+
ENST00000260197.12,SORL1,chr11,+,181450,MIR,121600146,116,MIR,SINE,-,Intron,116,MIR_range=chr11:121600146-121600262_strand=-
ENST00000363765.1,Y_RNA,chrX,+,102,AluSz6,55583717,146,Alu,SINE,+,Intron,146,AluSz6_range=chrX:55583717-55583863_strand=+
ENST00000585032.2,Metazoa_SRP,chr6_GL000255v2_alt,+,252,(CAGCC)n,2006840,34,Simple_repeat,Simple_repeat,+,Intron,34,(CAGCC)n_range=chr6_GL000255v2_alt:2006840-2006874_strand=+
ENST00000695468.1,NOL10,chr2,-,121662,AluSz,10638792,310,Alu,SINE,-,Intron,310,AluSz_range=chr2:10638792-10639102_strand=-
ENST00000363832.1,Y_RNA,chrX,+,102,MER97a,44401701,454,hAT-Tip100,DNA,-,Transcription_End_Site,44401704,MER97a_range=chrX:44401701-44402155_strand=-
ENST00000249270.11,DNAJC2,chr7,-,32193,(TTGCTT)n,103322506,96,Simple_repeat,Simple_repeat,+,Intron,96,(TTGCTT)n_range=chr7:103322506-103322602_strand=+
ENST00000615719.1,FCAR,chr19_KI270917v1_alt,+,15574,AluSx,164769,135,Alu,SINE,+,Intron,135,AluSx_range=chr19_KI270917v1_alt:164769-164904_strand=+
ENST00000661602.1,ENSG00000227486,chrX,+,296990,L1M2b,56006801,317,L1,LINE,-,Intron,317,L1M2b_range=chrX:56006801-56007118_strand=-
ENST00000366958.9,PROX1,chr1,+,53538,(TG)n,214006773,24,Simple_repeat,Simple_repeat,+,Intron,24,(TG)n_range=chr1:214006773-214006797_strand=+
ENST00000376142.6,ABI1,chr10,-,114343,AluSx,26808467,273,Alu,SINE,+,Intron,273,AluSx_range=chr10:26808467-26808740_strand=+
ENST00000668843.1,MCPH1-AS1,chr8_KZ208915v1_fix,-,90887,HAL1M8,62417,102,L1,LINE,+,Intron,102,HAL1M8_range=chr8_KZ208915v1_fix:62417-62519_strand=+
ENST00000680125.1,SLC1A3,chr5,+,81863,LTR33,36671951,444,ERVL,LTR,-,Intron,444,LTR33_range=chr5:36671951-36672395_strand=-
ENST00000238256.8,FKBP15,chr9,-,60272,Tigger1,113214294,1257,TcMar-Tigger,DNA,-,Intron,1257,Tigger1_range=chr9:113214294-113215551_strand=-
ENST00000446085.8,ZNF559-ZNF177,chr19,+,58017,AluJr,9370404,317,Alu,SINE,-,Intron,317,AluJr_range=chr19:9370404-9370721_strand=-
ENST00000384271.1,Y_RNA,chr20,-,102,L1ME3A,43449775,179,L1,LINE,-,Intron,179,L1ME3A_range=chr20:43449775-43449954_strand=-
ENST00000530763.5,LRRC4C,chr11,-,1345481,L1ME4a,40406543,147,L1,LINE,+,Intron,147,L1ME4a_range=chr11:40406543-40406690_strand=+
ENST00000419131.6,EYA1,chr8,-,159077,MER58B,71279881,103,hAT-Charlie,DNA,-,Intron,103,MER58B_range=chr8:71279881-71279984_strand=-
ENST00000323115.11,NTRK2,chr9,+,357467,(TTTTTGC)n,84981032,40,Simple_repeat,Simple_repeat,+,Intron,40,(TTTTTGC)n_range=chr9:84981032-84981072_strand=+
ENST00000641862.1,MAPK10,chr4,-,436684,L2c,86325862,401,L2,LINE,-,Intron,401,L2c_range=chr4:86325862-86326263_strand=-
ENST00000362601.1,Y_RNA,chr1,-,101,MER3,202913802,194,hAT-Charlie,DNA,-,Intron,194,MER3_range=chr1:202913802-202913996_strand=-
ENST00000311028.4,NCALD,chr8,-,437792,MLT1K,101887729,465,ERVL-MaLR,LTR,-,Intron,465,MLT1K_range=chr8:101887729-101888194_strand=-
ENST00000641145.1,NFIC,chr19,+,154815,AluJo,3379710,271,Alu,SINE,-,Intron,271,AluJo_range=chr19:3379710-3379981_strand=-
ENST00000355417.7,CCDC69,chr5,-,43041,MIR3,151209308,55,MIR,SINE,+,Intron,55,MIR3_range=chr5:151209308-151209363_strand=+
ENST00000334258.9,SYNE3,chr14,-,58343,L1ME4a,95447883,252,L1,LINE,+,Intron,252,L1ME4a_range=chr14:95447883-95448135_strand=+
ENST00000332175.12,PTPRM,chr18,+,840080,(T)n,7609520,18,Simple_repeat,Simple_repeat,+,Intron,18,(T)n_range=chr18:7609520-7609538_strand=+
ENST00000371839.6,AGBL4,chr1,-,1491101,MIRb,48726826,168,MIR,SINE,-,Intron,168,MIRb_range=chr1:48726826-48726994_strand=-
ENST00000418526.6,CNTN5,chr11,+,800604,L1ME1,100026968,945,L1,LINE,-,Intron,945,L1ME1_range=chr11:100026968-100027913_strand=-
ENST00000701062.1,SNHG16,chr17,+,113211,L1MC5a,76661753,417,L1,LINE,+,Intron,417,L1MC5a_range=chr17:76661753-76662170_strand=+
ENST00000447063.6,TRMT9B,chr8,+,85862,MLT1A,13014266,397,ERVL-MaLR,LTR,-,Intron,397,MLT1A_range=chr8:13014266-13014663_strand=-
ENST00000411009.2,Y_RNA,chr7,+,88,HAL1M8,151915084,811,L1,LINE,-,Promoter_Region,811,HAL1M8_range=chr7:151915084-151915895_strand=-
ENST00000248072.3,OR7C2,chr19,+,960,AluSg,14940865,289,Alu,SINE,+,Promoter_Region,289,AluSg_range=chr19:14940865-14941154_strand=+
ENST00000363092.1,Y_RNA,chr21,+,109,(T)n,17577612,28,Simple_repeat,Simple_repeat,+,Intron,28,(T)n_range=chr21:17577612-17577640_strand=+
ENST00000647886.1,HDAC8,chrX,-,243303,MIRc,72550392,96,MIR,SINE,-,Intron,96,MIRc_range=chrX:72550392-72550488_strand=-
ENST00000490534.2,ROBO2,chr3,+,606683,MER5A,77157075,50,hAT-Charlie,DNA,+,Intron,50,MER5A_range=chr3:77157075-77157125_strand=+
ENST00000674634.2,GLA,chrX,-,9624,AluSp,101404955,307,Alu,SINE,+,Intron,307,AluSp_range=chrX:101404955-101405262_strand=+
ENST00000367296.8,NAV1,chr1,+,178721,MIRc,201697903,174,MIR,SINE,-,Intron,174,MIRc_range=chr1:201697903-201698077_strand=-
ENST00000367774.1,SELE,chr1,-,7932,(TA)n,169732278,169,Simple_repeat,Simple_repeat,+,Intron,169,(TA)n_range=chr1:169732278-169732447_strand=+
ENST00000384120.1,Y_RNA,chr11,+,114,MSTA,129030739,401,ERVL-MaLR,LTR,+,3_End_Region,401,MSTA_range=chr11:129030739-129031140_strand=+
ENST00000418654.2,AGAP1,chr2,+,630570,MER20,235937680,218,hAT-Charlie,DNA,+,Intron,218,MER20_range=chr2:235937680-235937898_strand=+
ENST00000637561.1,ASAH1,chr8,-,17386,AluJo,18068843,318,Alu,SINE,+,Intron,318,AluJo_range=chr8:18068843-18069161_strand=+
ENST00000297338.7,RAD21,chr8,-,28843,L1MC,116871920,76,L1,LINE,+,Intron,76,L1MC_range=chr8:116871920-116871996_strand=+
ENST00000434978.6,STXBP4,chr17,+,192151,MER66B,54974628,456,ERV1,LTR,-,Intron,456,MER66B_range=chr17:54974628-54975084_strand=-
ENST00000428429.1,ENSG00000237073,chr9,-,19830,MIRb,113582216,88,MIR,SINE,+,Intron,88,MIRb_range=chr9:113582216-113582304_strand=+
ENST00000637015.2,ARID1B,chr6,+,431579,MLT1H2,157193391,507,ERVL-MaLR,LTR,-,Intron,507,MLT1H2_range=chr6:157193391-157193898_strand=-
ENST00000381575.6,SHOX,chrY,+,28605,AluJo,656163,128,Alu,SINE,+,Intron,128,AluJo_range=chrY:656163-656291_strand=+
ENST00000686419.1,FAR2,chr12,+,191989,(TATC)n,29180721,60,Simple_repeat,Simple_repeat,+,Intron,60,(TATC)n_range=chr12:29180721-29180781_strand=+
ENST00000408132.1,RNU6ATAC6P,chr3,+,126,MLT1J,87909600,317,ERVL-MaLR,LTR,-,Promoter_Region,317,MLT1J_range=chr3:87909600-87909917_strand=-
ENST00000693276.1,ATE1,chr10,-,187590,L1ME4a,121867669,396,L1,LINE,-,Intron,396,L1ME4a_range=chr10:121867669-121868065_strand=-
ENST00000585173.1,Y_RNA,chr6_GL000255v2_alt,-,111,Alu,1991560,65,Alu,SINE,+,Promoter_Region,65,Alu_range=chr6_GL000255v2_alt:1991560-1991625_strand=+
ENST00000384290.1,Y_RNA,chr6,+,109,HY1,99526096,115,scRNA,scRNA,+,Transcription_Start_Site,99526096,HY1_range=chr6:99526096-99526211_strand=+
ENST00000339839.9,CEP83,chr12,-,151667,L1M4,94410406,121,L1,LINE,-,Intron,121,L1M4_range=chr12:94410406-94410527_strand=-
ENST00000669387.1,LINC02055,chr8,+,437193,L2a,136841558,85,L2,LINE,-,Intron,85,L2a_range=chr8:136841558-136841643_strand=-
ENST00000646805.1,ENSG00000285095,chr18,+,275280,(TTTTG)n,32693968,29,Simple_repeat,Simple_repeat,+,Intron,29,(TTTTG)n_range=chr18:32693968-32693997_strand=+
ENST00000617082.4,FAM120B,chr6_KI270798v1_alt,+,109633,L1MC1,122091,761,L1,LINE,+,Intron,761,L1MC1_range=chr6_KI270798v1_alt:122091-122852_strand=+
ENST00000328178.13,ZNF85,chr19,+,27447,L1M4c,20944564,188,L1,LINE,-,Intron,188,L1M4c_range=chr19:20944564-20944752_strand=-
ENST00000433576.5,LINC02257,chr1,-,37732,MIRc,221885952,87,MIR,SINE,+,Intron,87,MIRc_range=chr1:221885952-221886039_strand=+
ENST00000672026.1,TRAK1,chr3,+,211347,MIRc,42169487,67,MIR,SINE,+,Intron,67,MIRc_range=chr3:42169487-42169554_strand=+
ENST00000356100.6,PTPRT,chr20,-,1116982,L2,42781748,83,L2,LINE,+,Intron,83,L2_range=chr20:42781748-42781831_strand=+
ENST00000510391.1,ENSG00000251294,chr5,+,59205,L1MB4,24568302,529,L1,LINE,+,Intron,529,L1MB4_range=chr5:24568302-24568831_strand=+
ENST00000433113.1,ENSG00000240527,chr10,+,40251,MER103C,95836634,159,hAT-Charlie,DNA,+,Intron,159,MER103C_range=chr10:95836634-95836793_strand=+
ENST00000384766.1,Y_RNA,chr4,-,95,AluJr,185710962,328,Alu,SINE,-,Promoter_Region,328,AluJr_range=chr4:185710962-185711290_strand=-
ENST00000360315.7,GATAD2A,chr19,+,123099,AluSx,19455207,299,Alu,SINE,+,Intron,299,AluSx_range=chr19:19455207-19455506_strand=+
ENST00000366955.8,CENPF,chr1,+,61377,AluJb,214655597,293,Alu,SINE,-,Intron,293,AluJb_range=chr1:214655597-214655890_strand=-
ENST00000365462.1,Y_RNA,chr17,+,98,AluSq,75432101,286,Alu,SINE,+,3_End_Region,286,AluSq_range=chr17:75432101-75432387_strand=+
ENST00000538039.6,CLPB,chr11,-,149037,AluSz6,72288205,308,Alu,SINE,+,3UTR,308,AluSz6_range=chr11:72288205-72288513_strand=+
ENST00000693735.1,NBEA,chr13,+,195712,AluSz,35653325,305,Alu,SINE,-,Intron,305,AluSz_range=chr13:35653325-35653630_strand=-
ENST00000360232.8,FOXP2,chr7,+,227644,X7B_LINE,114612452,126,CR1,LINE,+,Intron,126,X7B_LINE_range=chr7:114612452-114612578_strand=+
ENST00000396986.6,PGAP2,chr11,+,28516,AluJb,3821780,301,Alu,SINE,+,Intron,301,AluJb_range=chr11:3821780-3822081_strand=+
ENST00000676126.1,LARGE1,chr22,-,488482,LTR33,33632421,103,ERVL,LTR,+,Intron,103,LTR33_range=chr22:33632421-33632524_strand=+
ENST00000628919.3,FHL1,chrX,+,43064,(A)n,136199951,25,Simple_repeat,Simple_repeat,+,Intron,25,(A)n_range=chrX:136199951-136199976_strand=+
ENST00000273739.9,SLIT2,chr4,+,365697,Tigger3b,20392050,1162,TcMar-Tigger,DNA,-,Intron,1162,Tigger3b_range=chr4:20392050-20393212_strand=-
ENST00000589655.1,RAB3D,chr19,-,20932,L1MC5a,11332619,27,L1,LINE,+,Intron,27,L1MC5a_range=chr19:11332619-11332646_strand=+
ENST00000541463.6,KIF21A,chr12,-,148547,AluSz,39335143,290,Alu,SINE,+,Intron,290,AluSz_range=chr12:39335143-39335433_strand=+
ENST00000364997.1,Y_RNA,chr11,+,102,(AAAAG)n,34189271,30,Simple_repeat,Simple_repeat,+,Transcription_End_Site,34189275,(AAAAG)n_range=chr11:34189271-34189301_strand=+
ENST00000453034.5,RAPH1,chr2,-,90705,HAL1,203485915,164,L1,LINE,+,Intron,164,HAL1_range=chr2:203485915-203486079_strand=+
ENST00000482578.3,TRIM2,chr4,+,18866,(TGTT)n,153256907,25,Simple_repeat,Simple_repeat,+,Promoter_Region,25,(TGTT)n_range=chr4:153256907-153256932_strand=+
ENST00000634267.2,DNM1,chr9,+,51554,AluSq2,128221077,315,Alu,SINE,-,Intron,315,AluSq2_range=chr9:128221077-128221392_strand=-
ENST00000632599.1,LINC02210-CRHR1,chr17_KI270908v1_alt,+,194560,(TTATG)n,340910,106,Simple_repeat,Simple_repeat,+,Intron,106,(TTATG)n_range=chr17_KI270908v1_alt:340910-341016_strand=+
ENST00000380405.7,HSPH1,chr13,-,25300,AluJr,31150469,113,Alu,SINE,-,Intron,113,AluJr_range=chr13:31150469-31150582_strand=-
ENST00000391017.1,Y_RNA,chr3,-,97,AluSx3,101629558,290,Alu,SINE,-,Promoter_Region,290,AluSx3_range=chr3:101629558-101629848_strand=-
ENST00000422452.3,TENM1,chrX,-,828410,L1ME4a,125190771,463,L1,LINE,-,Intron,463,L1ME4a_range=chrX:125190771-125191234_strand=-
ENST00000506886.5,SPOCK3,chr4,-,501409,MSTA,166967352,370,ERVL-MaLR,LTR,+,Intron,370,MSTA_range=chr4:166967352-166967722_strand=+
ENST00000591592.5,PEF1-AS1,chr1,+,14806,L2a,31648382,80,L2,LINE,-,Intron,80,L2a_range=chr1:31648382-31648462_strand=-
ENST00000654404.1,ENSG00000251199,chr4,-,230123,L1MD3,134265829,211,L1,LINE,+,Intron,211,L1MD3_range=chr4:134265829-134266040_strand=+
ENST00000357574.7,WDR7,chr18,+,378451,(ACAT)n,56945057,30,Simple_repeat,Simple_repeat,+,Intron,30,(ACAT)n_range=chr18:56945057-56945087_strand=+
ENST00000655651.1,EIF1B-AS1,chr3,-,228424,L2c,40130737,179,L2,LINE,+,Intron,179,L2c_range=chr3:40130737-40130916_strand=+
ENST00000389044.8,TRIP12,chr2,-,154559,GA-rich,229871220,33,Low_complexity,Low_complexity,+,Intron,33,GA-rich_range=chr2:229871220-229871253_strand=+
ENST00000317571.8,TTC39C,chr18,+,120847,L1MB3,24120533,546,L1,LINE,-,Intron,546,L1MB3_range=chr18:24120533-24121079_strand=-
ENST00000616060.1,Metazoa_SRP,chrX,-,254,LTR8A,46552765,423,ERV1,LTR,+,Intron,423,LTR8A_range=chrX:46552765-46553188_strand=+
ENST00000545497.5,BNC2,chr9,-,452180,FLAM_C,16463758,60,Alu,SINE,+,Intron,60,FLAM_C_range=chr9:16463758-16463818_strand=+
ENST00000357258.8,ZBTB20,chr3,-,832771,AluY,115047938,306,Alu,SINE,+,Intron,306,AluY_range=chr3:115047938-115048244_strand=+
ENST00000449337.6,RORA,chr15,-,95257,AluY,60561071,309,Alu,SINE,-,Intron,309,AluY_range=chr15:60561071-60561380_strand=-
ENST00000616739.1,LMOD1,chr1,-,50133,L2,201921514,128,L2,LINE,-,Intron,128,L2_range=chr1:201921514-201921642_strand=-
ENST00000377801.8,PLCXD3,chr5,-,203650,L1MA1,41315468,2547,L1,LINE,+,Intron,2547,L1MA1_range=chr5:41315468-41318015_strand=+
ENST00000620699.1,Y_RNA,chr16_KI270853v1_alt,-,100,(CCCCTG)n,510502,14,Simple_repeat,Simple_repeat,+,Intron,14,(CCCCTG)n_range=chr16_KI270853v1_alt:510502-510516_strand=+
ENST00000382297.7,KANK1,chr9,+,241409,(TTA)n,599008,12,Simple_repeat,Simple_repeat,+,Intron,12,(TTA)n_range=chr9:599008-599020_strand=+
ENST00000355053.8,TSGA10,chr2,-,143687,L1P1,99000538,2324,L1,LINE,+,Intron,2324,L1P1_range=chr2:99000538-99002862_strand=+
ENST00000419035.1,EPCAM-DT,chr2,-,131018,L1ME4a,47308316,107,L1,LINE,-,Intron,107,L1ME4a_range=chr2:47308316-47308423_strand=-
ENST00000260733.7,TACC2,chr10,+,90695,L1PA17,122247556,341,L1,LINE,+,Intron,341,L1PA17_range=chr10:122247556-122247897_strand=+
ENST00000612924.4,CNOT3,chr19_GL949747v2_alt,+,18010,Charlie1a,131163,127,hAT-Charlie,DNA,-,Intron,127,Charlie1a_range=chr19_GL949747v2_alt:131163-131290_strand=-
ENST00000572467.5,CORO7-PAM16,chr16,-,76337,AluSg,4398687,301,Alu,SINE,+,Intron,301,AluSg_range=chr16:4398687-4398988_strand=+
ENST00000455493.5,LST1,chr6_GL000252v2_alt,+,2695,(CCCAGG)n,2834571,30,Simple_repeat,Simple_repeat,+,Intron,30,(CCCAGG)n_range=chr6_GL000252v2_alt:2834571-2834601_strand=+
ENST00000452305.5,ZNF438,chr10,-,187300,AluJr,30966079,266,Alu,SINE,+,Intron,266,AluJr_range=chr10:30966079-30966345_strand=+
ENST00000658990.1,LINC01473,chr2,-,293432,MIRb,186205336,140,MIR,SINE,-,Intron,140,MIRb_range=chr2:186205336-186205476_strand=-
ENST00000561243.7,ACAN,chr15,+,71147,AluJo,88844122,228,Alu,SINE,-,Intron,228,AluJo_range=chr15:88844122-88844350_strand=-
ENST00000568176.5,EDC3,chr15,-,63459,MER58A,74661363,79,hAT-Charlie,DNA,+,Intron,79,MER58A_range=chr15:74661363-74661442_strand=+
ENST00000409983.7,ARMC3,chr10,+,109553,AluJr4,23003879,245,Alu,SINE,+,Intron,245,AluJr4_range=chr10:23003879-23004124_strand=+
ENST00000240361.12,TEX14,chr17,-,135344,(CAAAA)n,58651659,27,Simple_repeat,Simple_repeat,+,Intron,27,(CAAAA)n_range=chr17:58651659-58651686_strand=+
ENST00000686568.1,SET,chr9,+,11339,AluSz,128692106,316,Alu,SINE,+,Intron,316,AluSz_range=chr9:128692106-128692422_strand=+
ENST00000422070.8,RBFOX1,chr16,+,1690079,(TG)n,6122792,39,Simple_repeat,Simple_repeat,+,Intron,39,(TG)n_range=chr16:6122792-6122831_strand=+
ENST00000396576.6,CACNB2,chr10,+,281101,AluSq2,18477932,299,Alu,SINE,-,Intron,299,AluSq2_range=chr10:18477932-18478231_strand=-
ENST00000523492.5,DEPTOR,chr8,+,176328,Charlie15b,119938127,175,hAT-Charlie,DNA,+,Intron,175,Charlie15b_range=chr8:119938127-119938302_strand=+
ENST00000637432.1,CACNA1A,chr19,-,299187,(CT)n,13411667,47,Simple_repeat,Simple_repeat,+,Intron,47,(CT)n_range=chr19:13411667-13411714_strand=+
ENST00000651023.2,ABLIM1,chr10,-,196634,AluSx,114539075,304,Alu,SINE,+,Intron,304,AluSx_range=chr10:114539075-114539379_strand=+
ENST00000549414.6,CUX1,chr7,+,431403,AluSx1,101974966,299,Alu,SINE,+,Intron,299,AluSx1_range=chr7:101974966-101975265_strand=+
ENST00000263736.5,SRBD1,chr2,-,222588,L1M2,45500715,523,L1,LINE,-,Intron,523,L1M2_range=chr2:45500715-45501238_strand=-
ENST00000373331.2,PPP1R16B,chr20,+,117301,L1MD1,38832930,668,L1,LINE,+,Intron,668,L1MD1_range=chr20:38832930-38833598_strand=+
ENST00000331393.8,EPB41L5,chr2,+,91281,AluSq2,120016147,304,Alu,SINE,+,Intron,304,AluSq2_range=chr2:120016147-120016451_strand=+
ENST00000635120.2,CSMD1,chr8,-,2059554,L1PA2,3724197,144,L1,LINE,-,Intron,144,L1PA2_range=chr8:3724197-3724341_strand=-
ENST00000519647.5,RBPMS,chr8,+,160285,A-rich,30449165,30,Low_complexity,Low_complexity,+,Intron,30,A-rich_range=chr8:30449165-30449195_strand=+
ENST00000647594.1,HDAC8,chrX,-,243298,L1MA7,72396494,103,L1,LINE,-,Intron,103,L1MA7_range=chrX:72396494-72396597_strand=-
ENST00000639062.3,DCHS2,chr4_KV766193v1_alt,-,260058,L2c,171641,212,L2,LINE,+,Intron,212,L2c_range=chr4_KV766193v1_alt:171641-171853_strand=+
ENST00000621518.4,NCAM1,chr11,+,303949,MLT1J,113022600,518,ERVL-MaLR,LTR,-,Intron,518,MLT1J_range=chr11:113022600-113023118_strand=-
ENST00000491615.5,DLEU1,chr13,+,446364,MLT1F-int,50496539,671,ERVL-MaLR,LTR,-,Intron,671,MLT1F-int_range=chr13:50496539-50497210_strand=-
ENST00000461841.7,CDH23,chr10,+,249845,AluJo,71636237,285,Alu,SINE,+,Intron,285,AluJo_range=chr10:71636237-71636522_strand=+
ENST00000585173.1,Y_RNA,chr6_GL000255v2_alt,-,111,AluSz6,1990449,335,Alu,SINE,+,Intron,335,AluSz6_range=chr6_GL000255v2_alt:1990449-1990784_strand=+
ENST00000671872.1,Y_RNA,chr17_ML143374v1_fix,-,112,L2a,21550,180,L2,LINE,+,Promoter_Region,180,L2a_range=chr17_ML143374v1_fix:21550-21730_strand=+
ENST00000586448.5,SLC14A2,chr18,+,469981,L2c,45258545,77,L2,LINE,+,Intron,77,L2c_range=chr18:45258545-45258622_strand=+
ENST00000371836.1,AGBL4,chr1,-,1206394,MIR1_Amn,49103734,51,MIR,SINE,-,Intron,51,MIR1_Amn_range=chr1:49103734-49103785_strand=-
ENST00000517716.2,ENSG00000253515,chr2,+,72050,L4_A_Mam,46435380,827,RTE-X,LINE,-,Intron,827,L4_A_Mam_range=chr2:46435380-46436207_strand=-
ENST00000363882.1,Y_RNA,chr18,-,113,MIRc,50959740,221,MIR,SINE,-,Promoter_Region,221,MIRc_range=chr18:50959740-50959961_strand=-
ENST00000579315.5,TNFRSF13B,chr17,-,39054,L1MB4,16960498,1239,L1,LINE,+,Intron,1239,L1MB4_range=chr17:16960498-16961737_strand=+
ENST00000680190.1,EPHA7,chr6,-,177123,(TA)n,93281933,73,Simple_repeat,Simple_repeat,+,Intron,73,(TA)n_range=chr6:93281933-93282006_strand=+
ENST00000428577.6,VARS2,chr6_GL000252v2_alt,+,12268,MIR3,2182592,69,MIR,SINE,-,Intron,69,MIR3_range=chr6_GL000252v2_alt:2182592-2182661_strand=-
ENST00000695357.1,NARS2,chr11,-,138572,L1ME4a,78445112,97,L1,LINE,+,Intron,97,L1ME4a_range=chr11:78445112-78445209_strand=+
ENST00000630915.1,Metazoa_SRP,chr11_KN196481v1_fix,+,297,HY4,16159,93,scRNA,scRNA,+,Transcription_End_Site,16230,HY4_range=chr11_KN196481v1_fix:16159-16252_strand=+
ENST00000555002.6,SYNE2,chr14,+,373430,MER5A,63954349,179,hAT-Charlie,DNA,-,Intron,179,MER5A_range=chr14:63954349-63954528_strand=-
ENST00000324871.12,METTL1,chr12,-,3635,MIRc,57770529,67,MIR,SINE,-,Intron,67,MIRc_range=chr12:57770529-57770596_strand=-
ENST00000370067.5,NTNG1,chr1,+,342420,(TGAA)n,107174894,37,Simple_repeat,Simple_repeat,+,Intron,37,(TGAA)n_range=chr1:107174894-107174931_strand=+
ENST00000384413.1,Y_RNA,chr12,+,102,AluSg,42455627,316,Alu,SINE,-,Intron,316,AluSg_range=chr12:42455627-42455943_strand=-
ENST00000445684.5,SLC4A7,chr3,-,107791,AluSz6,27460038,297,Alu,SINE,-,Intron,297,AluSz6_range=chr3:27460038-27460335_strand=-
ENST00000410535.1,Y_RNA,chr2,-,92,HY4,121603075,89,scRNA,scRNA,-,Exon,89,HY4_range=chr2:121603075-121603164_strand=-
ENST00000696421.1,G6PD,chrX,-,29017,FLAM_C,154524488,97,Alu,SINE,+,Intron,97,FLAM_C_range=chrX:154524488-154524585_strand=+
ENST00000384489.1,Y_RNA,chr2,-,102,Tigger2a,41857916,424,TcMar-Tigger,DNA,-,Promoter_Region,424,Tigger2a_range=chr2:41857916-41858340_strand=-
ENST00000614338.1,Y_RNA,chr17_KI270908v1_alt,-,102,(TTA)n,917344,13,Simple_repeat,Simple_repeat,+,Transcription_Start_Site,917344,(TTA)n_range=chr17_KI270908v1_alt:917344-917357_strand=+
ENST00000706151.1,DPP6,chr7,+,587959,MIRc,154569816,93,MIR,SINE,+,Intron,93,MIRc_range=chr7:154569816-154569909_strand=+
ENST00000327284.12,SENP6,chr6,+,77049,L2a,75605645,503,L2,LINE,-,Intron,503,L2a_range=chr6:75605645-75606148_strand=-
ENST00000288490.9,DGKI,chr7,-,456340,MER5A,137578526,164,hAT-Charlie,DNA,+,Intron,164,MER5A_range=chr7:137578526-137578690_strand=+
ENST00000364204.1,Y_RNA,chr9,+,112,HY1,93417854,108,scRNA,scRNA,+,Transcription_Start_Site,93417854,HY1_range=chr9:93417854-93417962_strand=+
ENST00000658716.1,ENSG00000235743,chr6,+,66388,MIR,23389638,252,MIR,SINE,-,Intron,252,MIR_range=chr6:23389638-23389890_strand=-
ENST00000390903.1,Y_RNA,chr1,+,88,(GGGGA)n,211801715,40,Simple_repeat,Simple_repeat,+,Promoter_Region,40,(GGGGA)n_range=chr1:211801715-211801755_strand=+
ENST00000258526.9,PLXNC1,chr12,+,159099,AluSx,94280996,312,Alu,SINE,+,Intron,312,AluSx_range=chr12:94280996-94281308_strand=+
ENST00000383919.1,Y_RNA,chrX,+,113,L1MCa,68360827,247,L1,LINE,+,Promoter_Region,247,L1MCa_range=chrX:68360827-68361074_strand=+
ENST00000409261.6,NCKAP5,chr2,-,896676,L2b,133086165,122,L2,LINE,-,Intron,122,L2b_range=chr2:133086165-133086287_strand=-
ENST00000698059.1,DYSF,chr2,+,110489,MER20,71585045,210,hAT-Charlie,DNA,+,Intron,210,MER20_range=chr2:71585045-71585255_strand=+
ENST00000593051.5,LINC00907,chr18,+,275516,MLT1E1A,42367289,560,ERVL-MaLR,LTR,-,Intron,560,MLT1E1A_range=chr18:42367289-42367849_strand=-
ENST00000398494.8,PLEKHB1,chr11,+,15211,L2b,73659872,39,L2,LINE,+,Intron,39,L2b_range=chr11:73659872-73659911_strand=+
ENST00000358913.10,MYPN,chr10,+,102530,7SK,68158078,240,RNA,RNA,+,Intron,240,7SK_range=chr10:68158078-68158318_strand=+
ENST00000670659.1,LINC01273,chr20,+,4868,MIRb,50171058,77,MIR,SINE,+,Promoter_Region,77,MIRb_range=chr20:50171058-50171135_strand=+
ENST00000413366.8,PRKCA,chr17,+,508131,MIR3,66717696,128,MIR,SINE,+,Intron,128,MIR3_range=chr17:66717696-66717824_strand=+
ENST00000519628.2,DOCK2,chr5,+,297545,MER5B,169748349,156,hAT-Charlie,DNA,-,Intron,156,MER5B_range=chr5:169748349-169748505_strand=-
ENST00000528429.5,SOX6,chr11,-,430156,(ACAGAT)n,16034760,150,Simple_repeat,Simple_repeat,+,Intron,150,(ACAGAT)n_range=chr11:16034760-16034910_strand=+
ENST00000459742.1,ENSG00000259628,chr7,+,154906,L1ME1,77139715,172,L1,LINE,+,Intron,172,L1ME1_range=chr7:77139715-77139887_strand=+
ENST00000680162.2,DMD,chrX,-,147729,L2c,31159118,83,L2,LINE,-,Intron,83,L2c_range=chrX:31159118-31159201_strand=-
ENST00000683785.1,SNX14,chr6,-,89176,AluJo,85544516,239,Alu,SINE,+,Intron,239,AluJo_range=chr6:85544516-85544755_strand=+
ENST00000690004.1,MID1,chrX,-,172449,AluJb,10537961,311,Alu,SINE,-,Intron,311,AluJb_range=chrX:10537961-10538272_strand=-
ENST00000358299.7,ICA1L,chr2,-,98591,L1M2,202837141,141,L1,LINE,-,Intron,141,L1M2_range=chr2:202837141-202837282_strand=-
ENST00000649281.1,ENSG00000285758,chr8,+,39238,HAL1,79916561,208,L1,LINE,-,Intron,208,HAL1_range=chr8:79916561-79916769_strand=-
ENST00000356767.8,SLC26A5,chr7,-,93422,MLT1H1,103394750,459,ERVL-MaLR,LTR,+,Intron,459,MLT1H1_range=chr7:103394750-103395209_strand=+
ENST00000653077.1,CYP1B1-AS1,chr2,+,105810,AluSz,38173072,278,Alu,SINE,+,Intron,278,AluSz_range=chr2:38173072-38173350_strand=+
ENST00000355264.9,AP3M1,chr10,-,30574,AluSc8,74139635,297,Alu,SINE,+,Intron,297,AluSc8_range=chr10:74139635-74139932_strand=+
ENST00000630603.2,SERF1A,chr5_KI270897v1_alt,+,7145,MER5B,451634,64,hAT-Charlie,DNA,-,Intron,64,MER5B_range=chr5_KI270897v1_alt:451634-451698_strand=-
ENST00000541550.6,ADK,chr10,+,532165,AluSc,74509196,294,Alu,SINE,-,Intron,294,AluSc_range=chr10:74509196-74509490_strand=-
ENST00000362637.2,Y_RNA,chr7,+,102,MIRb,76522246,95,MIR,SINE,-,Promoter_Region,95,MIRb_range=chr7:76522246-76522341_strand=-
ENST00000573630.1,Y_RNA,chr1_GL383518v1_alt,-,102,(T)n,43054,21,Simple_repeat,Simple_repeat,+,Transcription_Start_Site,43054,(T)n_range=chr1_GL383518v1_alt:43054-43075_strand=+
ENST00000409371.8,JAKMIP1,chr4,-,174353,L1M5,6095672,99,L1,LINE,-,Intron,99,L1M5_range=chr4:6095672-6095771_strand=-
ENST00000261349.9,LRP6,chr12,-,151020,AluSx1,12135430,13,Alu,SINE,-,Intron,13,AluSx1_range=chr12:12135430-12135443_strand=-
ENST00000443347.6,FAM27C,chr9,+,119847,AluJb,61894104,261,Alu,SINE,-,Intron,261,AluJb_range=chr9:61894104-61894365_strand=-
ENST00000384563.1,Y_RNA,chr5,-,102,AluSg,57168618,310,Alu,SINE,-,Intron,310,AluSg_range=chr5:57168618-57168928_strand=-
ENST00000356607.9,PEX14,chr1,+,155809,L1MC4a,10585127,181,L1,LINE,+,Intron,181,L1MC4a_range=chr1:10585127-10585308_strand=+
ENST00000610676.5,Metazoa_SRP,chrX,-,290,AluJr,388533,282,Alu,SINE,-,Promoter_Region,282,AluJr_range=chrX:388533-388815_strand=-
ENST00000383202.7,STAG1,chr3,-,416143,AluSq,136727875,308,Alu,SINE,+,Intron,308,AluSq_range=chr3:136727875-136728183_strand=+
ENST00000341516.10,DCAF5,chr14,-,102239,AluSx3,69128636,160,Alu,SINE,+,Intron,160,AluSx3_range=chr14:69128636-69128796_strand=+
ENST00000370001.8,AKNAD1,chr1,-,41194,L1M5,108839494,19,L1,LINE,+,Intron,19,L1M5_range=chr1:108839494-108839513_strand=+
ENST00000332175.12,PTPRM,chr18,+,840080,L1PA8,8021365,394,L1,LINE,-,Intron,394,L1PA8_range=chr18:8021365-8021759_strand=-
ENST00000370882.1,LRRC1,chr6,+,89056,MIRb,53864504,212,MIR,SINE,+,Intron,212,MIRb_range=chr6:53864504-53864716_strand=+
ENST00000706266.1,DLG2,chr11,-,1265667,Mam_R4,83563866,191,Dong-R4,LINE,-,Intron,191,Mam_R4_range=chr11:83563866-83564057_strand=-
ENST00000417096.5,ENSG00000234902,chr2,-,49167,MIRb,207203147,218,MIR,SINE,-,Intron,218,MIRb_range=chr2:207203147-207203365_strand=-
ENST00000384398.1,Y_RNA,chr17,-,107,HY1,49416737,113,scRNA,scRNA,-,Transcription_End_Site,49416743,HY1_range=chr17:49416737-49416850_strand=-
ENST00000611372.1,Y_RNA,chr14_KI270847v1_alt,-,96,L1M4,510204,1125,L1,LINE,-,Intron,1125,L1M4_range=chr14_KI270847v1_alt:510204-511329_strand=-
ENST00000644138.1,CTNNB1,chr3,+,37692,(AT)n,41206400,33,Simple_repeat,Simple_repeat,+,Intron,33,(AT)n_range=chr3:41206400-41206433_strand=+
ENST00000381843.6,NUP155,chr5,-,78947,AluSc5,37366439,223,Alu,SINE,-,Intron,223,AluSc5_range=chr5:37366439-37366662_strand=-
ENST00000502798.7,SV2C,chr5,+,250574,Charlie4a,76220231,41,hAT-Charlie,DNA,-,Intron,41,Charlie4a_range=chr5:76220231-76220272_strand=-
ENST00000363781.1,Y_RNA,chr17,+,105,MIRc,77440681,199,MIR,SINE,-,Promoter_Region,199,MIRc_range=chr17:77440681-77440880_strand=-
ENST00000506176.1,SLC27A6,chr5,+,67755,AluSq2,128983289,305,Alu,SINE,-,Intron,305,AluSq2_range=chr5:128983289-128983594_strand=-
ENST00000517887.5,PTK2,chr8,-,262818,L1MD,140808474,249,L1,LINE,+,Intron,249,L1MD_range=chr8:140808474-140808723_strand=+
ENST00000474781.5,CEP70,chr3,-,99327,MER103C,138572583,192,hAT-Charlie,DNA,-,Intron,192,MER103C_range=chr3:138572583-138572775_strand=-
ENST00000513158.1,ENSG00000251314,chr5,+,46508,AluY,96592754,310,Alu,SINE,-,Intron,310,AluY_range=chr5:96592754-96593064_strand=-
ENST00000515990.1,Y_RNA,chr4,-,97,MIRb,56819312,67,MIR,SINE,+,Promoter_Region,67,MIRb_range=chr4:56819312-56819379_strand=+
ENST00000396675.7,ICA1,chr7,-,148744,AluSg,8195697,280,Alu,SINE,+,Intron,280,AluSg_range=chr7:8195697-8195977_strand=+
ENST00000016913.8,MS4A12,chr11,+,14653,HAL1b,60505538,645,L1,LINE,+,Intron,645,HAL1b_range=chr11:60505538-60506183_strand=+
ENST00000484888.5,CEP70,chr3,-,99222,AluJb,138589372,307,Alu,SINE,+,Intron,307,AluJb_range=chr3:138589372-138589679_strand=+
ENST00000647529.1,BCAP31,chrX,-,23940,AluSq2,153715875,309,Alu,SINE,+,Intron,309,AluSq2_range=chrX:153715875-153716184_strand=+
ENST00000525271.5,EPB41L2,chr6,-,223070,L1MB8,130985842,115,L1,LINE,-,Intron,115,L1MB8_range=chr6:130985842-130985957_strand=-
ENST00000365325.1,Y_RNA,chr2,+,102,THE1B,52298591,356,ERVL-MaLR,LTR,-,Intron,356,THE1B_range=chr2:52298591-52298947_strand=-
ENST00000347053.8,COG5,chr7,-,362486,(AT)n,107370490,13,Simple_repeat,Simple_repeat,+,Intron,13,(AT)n_range=chr7:107370490-107370503_strand=+
ENST00000700469.1,PSEN1,chr14,+,75735,L2c,73171854,185,L2,LINE,+,Intron,185,L2c_range=chr14:73171854-73172039_strand=+
ENST00000381222.8,ZBED1,chrX,-,14554,(TTA)n,2495261,48,Simple_repeat,Simple_repeat,+,Intron,48,(TTA)n_range=chrX:2495261-2495309_strand=+
ENST00000595022.5,DTNA,chr18,+,298034,L1MA7,34754628,139,L1,LINE,-,Intron,139,L1MA7_range=chr18:34754628-34754767_strand=-
ENST00000390863.2,U3,chr20,-,203,(TCCT)n,16982299,12,Simple_repeat,Simple_repeat,+,Intron,12,(TCCT)n_range=chr20:16982299-16982311_strand=+
ENST00000700754.1,CLASP1,chr2,-,311569,L1ME3F,121436709,253,L1,LINE,-,Intron,253,L1ME3F_range=chr2:121436709-121436962_strand=-
ENST00000377770.8,DPP6,chr7,+,841888,AluY,154090838,297,Alu,SINE,+,Intron,297,AluY_range=chr7:154090838-154091135_strand=+
ENST00000664920.1,ENSG00000231424,chr1,-,494409,MER115,170897634,471,hAT-Tip100,DNA,+,Intron,471,MER115_range=chr1:170897634-170898105_strand=+
ENST00000364574.1,RNU6-1082P,chr9,-,107,U6,117707996,106,snRNA,snRNA,-,Exon,106,U6_range=chr9:117707996-117708102_strand=-
ENST00000392533.8,TAOK3,chr12,-,223107,MLT1O,118163019,411,ERVL-MaLR,LTR,+,Intron,411,MLT1O_range=chr12:118163019-118163430_strand=+
ENST00000646100.2,OTOA,chr16,+,96762,MIRb,21665237,171,MIR,SINE,+,Intron,171,MIRb_range=chr16:21665237-21665408_strand=+
ENST00000373563.9,GIGYF2,chr2,+,163275,L1MB3,232816641,116,L1,LINE,-,Intron,116,L1MB3_range=chr2:232816641-232816757_strand=-
ENST00000396693.9,SEPTIN12,chr16,-,10678,AluSq2,4776986,311,Alu,SINE,+,Intron,311,AluSq2_range=chr16:4776986-4777297_strand=+
ENST00000641259.1,RBFOX1,chr16,+,2471657,MIRb,7286153,64,MIR,SINE,+,Intron,64,MIRb_range=chr16:7286153-7286217_strand=+
ENST00000377770.8,DPP6,chr7,+,841888,AluSx1,154346303,304,Alu,SINE,-,Intron,304,AluSx1_range=chr7:154346303-154346607_strand=-
ENST00000517011.1,Y_RNA,chr7,+,92,L1MCa,138176061,93,L1,LINE,+,Intron,93,L1MCa_range=chr7:138176061-138176154_strand=+
ENST00000647823.1,ENSG00000230623,chr1,+,66667,AluSx1,200448792,298,Alu,SINE,-,Intron,298,AluSx1_range=chr1:200448792-200449090_strand=-
ENST00000673903.1,PCSK9,chr1,+,24503,AluSx,55045699,308,Alu,SINE,-,Intron,308,AluSx_range=chr1:55045699-55046007_strand=-
ENST00000466387.5,CTNNA2,chr2,+,1463549,AluSz,79655546,298,Alu,SINE,+,Intron,298,AluSz_range=chr2:79655546-79655844_strand=+
ENST00000549595.5,SENP1,chr12,-,56151,GA-rich,48072979,47,Low_complexity,Low_complexity,+,Intron,47,GA-rich_range=chr12:48072979-48073026_strand=+
ENST00000412934.2,HSDL2-AS1,chr9,-,50811,MER104,112434480,168,TcMar-Tc2,DNA,+,Intron,168,MER104_range=chr9:112434480-112434648_strand=+
ENST00000384007.1,Y_RNA,chr17,+,102,AluSz,47558127,300,Alu,SINE,-,Intron,300,AluSz_range=chr17:47558127-47558427_strand=-
ENST00000549414.6,CUX1,chr7,+,431403,AluJo,102103462,272,Alu,SINE,-,Intron,272,AluJo_range=chr7:102103462-102103734_strand=-
ENST00000364004.1,Y_RNA,chr7,-,102,HY3,75513027,99,scRNA,scRNA,-,Exon,99,HY3_range=chr7:75513027-75513126_strand=-
ENST00000372724.6,KAT6B,chr10,+,205831,AluSz6,74890356,144,Alu,SINE,+,Intron,144,AluSz6_range=chr10:74890356-74890500_strand=+
ENST00000676938.1,MARK3,chr14,+,117949,AluSc8,103473914,303,Alu,SINE,+,Intron,303,AluSc8_range=chr14:103473914-103474217_strand=+
ENST00000402066.5,VIPR2,chr7,-,114342,THE1B,159100893,54,ERVL-MaLR,LTR,+,Intron,54,THE1B_range=chr7:159100893-159100947_strand=+
ENST00000468189.5,FHIT,chr3,-,1500053,MIRb,60875639,209,MIR,SINE,-,Intron,209,MIRb_range=chr3:60875639-60875848_strand=-
ENST00000675839.1,MICAL2,chr11,+,100459,MIR,12183705,77,MIR,SINE,+,Intron,77,MIR_range=chr11:12183705-12183782_strand=+
ENST00000677141.1,ACBD5,chr10,-,45568,L2b,27212320,13,L2,LINE,-,Intron,13,L2b_range=chr10:27212320-27212333_strand=-
ENST00000331113.9,KCND2,chr7,+,477163,(AT)n,120435732,17,Simple_repeat,Simple_repeat,+,Intron,17,(AT)n_range=chr7:120435732-120435749_strand=+
ENST00000505311.5,FAM193A,chr4,+,106428,L1MC4,2712364,456,L1,LINE,-,Intron,456,L1MC4_range=chr4:2712364-2712820_strand=-
ENST00000336454.5,CDC14A,chr1,+,167772,L1PA11,100405377,1264,L1,LINE,-,Intron,1264,L1PA11_range=chr1:100405377-100406641_strand=-
ENST00000425719.6,NTM,chr11,+,424204,(GT)n,132307216,22,Simple_repeat,Simple_repeat,+,Intron,22,(GT)n_range=chr11:132307216-132307238_strand=+
ENST00000364427.1,Y_RNA,chr4,+,111,(TC)n,125364124,33,Simple_repeat,Simple_repeat,+,Intron,33,(TC)n_range=chr4:125364124-125364157_strand=+
ENST00000477593.5,PIK3CB,chr3,-,180735,L1MC,138809286,38,L1,LINE,+,Intron,38,L1MC_range=chr3:138809286-138809324_strand=+
ENST00000409911.5,LRRTM4,chr2,-,774621,(AATA)n,77135848,28,Simple_repeat,Simple_repeat,+,Intron,28,(AATA)n_range=chr2:77135848-77135876_strand=+
ENST00000505078.5,MCTP1,chr5,-,223111,MIR,94839696,214,MIR,SINE,+,Intron,214,MIR_range=chr5:94839696-94839910_strand=+
ENST00000518415.5,TACC1,chr8,+,119493,L1MC3,38738407,489,L1,LINE,-,Intron,489,L1MC3_range=chr8:38738407-38738896_strand=-
ENST00000530307.1,SLCO5A1,chr8,-,160053,AluSq,69757373,330,Alu,SINE,+,Intron,330,AluSq_range=chr8:69757373-69757703_strand=+
ENST00000313871.9,AKAP17A,chrX,+,10917,GA-rich,1600677,95,Low_complexity,Low_complexity,+,Intron,95,GA-rich_range=chrX:1600677-1600772_strand=+
ENST00000362487.1,Y_RNA,chr18,+,97,AluJb,23455648,160,Alu,SINE,-,Promoter_Region,160,AluJb_range=chr18:23455648-23455808_strand=-
ENST00000650577.1,ENSG00000285939,chr17,-,790066,L1ME1,54015588,94,L1,LINE,+,Intron,94,L1ME1_range=chr17:54015588-54015682_strand=+
ENST00000688892.1,RARB,chr3,+,768579,MIR,25535297,114,MIR,SINE,+,Intron,114,MIR_range=chr3:25535297-25535411_strand=+
ENST00000421162.2,BARD1,chr2,-,80923,(AT)n,214757521,47,Simple_repeat,Simple_repeat,+,Intron,47,(AT)n_range=chr2:214757521-214757568_strand=+
ENST00000667623.1,ENSG00000286582,chr14,+,21621,MIRb,86302119,114,MIR,SINE,-,Intron,114,MIRb_range=chr14:86302119-86302233_strand=-
ENST00000399322.7,DGKB,chr7,-,696402,AluSz,14712438,262,Alu,SINE,+,Intron,262,AluSz_range=chr7:14712438-14712700_strand=+
ENST00000672010.1,FRMPD4,chrX,+,587084,AluJb,12552874,280,Alu,SINE,+,Intron,280,AluJb_range=chrX:12552874-12553154_strand=+
ENST00000542156.5,MTMR1,chrX,+,42104,L4_A_Mam,150729275,215,RTE-X,LINE,+,Intron,215,L4_A_Mam_range=chrX:150729275-150729490_strand=+
ENST00000470033.2,RXFP1,chr4,+,130079,MER106A,158603495,114,hAT-Charlie,DNA,-,Intron,114,MER106A_range=chr4:158603495-158603609_strand=-
ENST00000363781.1,Y_RNA,chr17,+,105,AluSx3,77442199,297,Alu,SINE,-,Transcription_End_Site,77442213,AluSx3_range=chr17:77442199-77442496_strand=-
ENST00000383767.7,RBMS3,chr3,+,729316,MER5A,29744024,66,hAT-Charlie,DNA,-,Intron,66,MER5A_range=chr3:29744024-29744090_strand=-
ENST00000398290.7,TRIM77,chr11,+,7574,AluJr,89713307,148,Alu,SINE,+,Intron,148,AluJr_range=chr11:89713307-89713455_strand=+
ENST00000649610.2,FOXP1,chr3,-,624504,L2c,71258033,310,L2,LINE,-,Intron,310,L2c_range=chr3:71258033-71258343_strand=-
ENST00000675277.1,LARGE1,chr22,-,648177,MIRc,33599211,116,MIR,SINE,+,Intron,116,MIRc_range=chr22:33599211-33599327_strand=+
ENST00000602626.2,ENSG00000269954,chr8,-,12207,Charlie22a,11554087,170,hAT-Charlie,DNA,+,Intron,170,Charlie22a_range=chr8:11554087-11554257_strand=+
ENST00000424749.7,FAM47E,chr4,+,32063,AluJo,76253841,316,Alu,SINE,+,Intron,316,AluJo_range=chr4:76253841-76254157_strand=+
ENST00000399577.9,MGRN1,chr16,+,66105,(TGCACA)n,4690528,152,Simple_repeat,Simple_repeat,+,Intron,152,(TGCACA)n_range=chr16:4690528-4690680_strand=+
ENST00000616848.4,KIZ,chr20,+,120567,L1ME3G,21151733,211,L1,LINE,+,Intron,211,L1ME3G_range=chr20:21151733-21151944_strand=+
ENST00000343090.11,UBE4B,chr1,+,148282,AluSz,10095787,283,Alu,SINE,-,Intron,283,AluSz_range=chr1:10095787-10096070_strand=-
ENST00000540037.5,SCNN1A,chr12,-,17301,AluSx,6359760,308,Alu,SINE,-,Intron,308,AluSx_range=chr12:6359760-6360068_strand=-
ENST00000309134.9,TMEM9B,chr11,-,17148,AluJo,8952410,300,Alu,SINE,-,Intron,300,AluJo_range=chr11:8952410-8952710_strand=-
ENST00000264345.7,HERC3,chr4,+,102748,L1MC5a,88669086,211,L1,LINE,-,Intron,211,L1MC5a_range=chr4:88669086-88669297_strand=-
ENST00000640969.1,KCNMA1,chr10,-,752542,(TTTCT)n,77177486,38,Simple_repeat,Simple_repeat,+,Intron,38,(TTTCT)n_range=chr10:77177486-77177524_strand=+
ENST00000509242.5,ESRRB,chr14,+,94434,AluJo,76415687,116,Alu,SINE,-,Intron,116,AluJo_range=chr14:76415687-76415803_strand=-
ENST00000399455.2,USP47,chr11,+,117258,MIR,11854321,197,MIR,SINE,+,Intron,197,MIR_range=chr11:11854321-11854518_strand=+
ENST00000701158.1,ENSG00000228541,chr2,+,130179,AluSx,62328017,283,Alu,SINE,+,Intron,283,AluSx_range=chr2:62328017-62328300_strand=+
ENST00000365015.1,Y_RNA,chr7,+,102,L1MCa,77014899,64,L1,LINE,-,Intron,64,L1MCa_range=chr7:77014899-77014963_strand=-
ENST00000536384.2,SERINC2,chr1,+,20868,MIRc,31424996,114,MIR,SINE,-,Intron,114,MIRc_range=chr1:31424996-31425110_strand=-
ENST00000671701.1,EXOC6,chr10,+,232663,Charlie2b,92922878,108,hAT-Charlie,DNA,+,Intron,108,Charlie2b_range=chr10:92922878-92922986_strand=+
ENST00000626873.2,SH3YL1,chr2,-,46010,L1ME2,255948,84,L1,LINE,-,Intron,84,L1ME2_range=chr2:255948-256032_strand=-
ENST00000696153.1,VHL,chr3,+,11890,MLT1H,10148633,49,ERVL-MaLR,LTR,-,Intron,49,MLT1H_range=chr3:10148633-10148682_strand=-
ENST00000613101.1,Metazoa_SRP,chr7,-,279,(GCG)n,152025934,58,Simple_repeat,Simple_repeat,+,Promoter_Region,58,(GCG)n_range=chr7:152025934-152025992_strand=+
ENST00000646072.1,SLC6A1,chr3,+,46422,MIRb,11003319,197,MIR,SINE,-,Intron,197,MIRb_range=chr3:11003319-11003516_strand=-
ENST00000544363.5,CCM2,chr7,+,76282,AluJr4,45019059,306,Alu,SINE,-,Intron,306,AluJr4_range=chr7:45019059-45019365_strand=-
ENST00000614073.1,Metazoa_SRP,chr17,+,259,L1MEh,77015154,74,L1,LINE,+,3_End_Region,74,L1MEh_range=chr17:77015154-77015228_strand=+
ENST00000662455.1,LINC00882,chr3,-,403044,MER4B-int,107134258,733,ERV1,LTR,+,Intron,733,MER4B-int_range=chr3:107134258-107134991_strand=+
ENST00000676335.1,TRIM2,chr4,+,116910,L1MB7,153283084,546,L1,LINE,-,Intron,546,L1MB7_range=chr4:153283084-153283630_strand=-
ENST00000690562.1,ENSG00000289358,chr3,+,42204,Charlie29a,109371183,210,hAT-Charlie,DNA,-,Intron,210,Charlie29a_range=chr3:109371183-109371393_strand=-
ENST00000363551.1,Y_RNA,chr1,-,100,L1PA6,37737333,599,L1,LINE,+,Intron,599,L1PA6_range=chr1:37737333-37737932_strand=+
ENST00000326793.11,ACAP2,chr3,-,168276,AluSz,195316415,279,Alu,SINE,-,Intron,279,AluSz_range=chr3:195316415-195316694_strand=-
ENST00000674327.1,N4BP2L2,chr13,-,21830,AluSz6,32523108,296,Alu,SINE,+,Intron,296,AluSz6_range=chr13:32523108-32523404_strand=+
ENST00000552293.5,UNC13A,chr19,-,82366,AluSx1,17652120,311,Alu,SINE,-,Intron,311,AluSx1_range=chr19:17652120-17652431_strand=-
ENST00000384294.1,Y_RNA,chr17,+,113,AluY,81572184,306,Alu,SINE,-,Promoter_Region,306,AluY_range=chr17:81572184-81572490_strand=-
ENST00000464402.5,GIGYF2,chr2,+,38631,MIRb,232709137,151,MIR,SINE,+,Intron,151,MIRb_range=chr2:232709137-232709288_strand=+
ENST00000384251.1,Y_RNA,chr4,-,102,AluSx,159064061,177,Alu,SINE,+,3_End_Region,177,AluSx_range=chr4:159064061-159064238_strand=+
ENST00000374724.1,SLC44A1,chr9,+,194550,MER5B,105302300,40,hAT-Charlie,DNA,-,Intron,40,MER5B_range=chr9:105302300-105302340_strand=-
ENST00000443902.6,EPB41L5,chr2,+,162785,L2a,120111283,118,L2,LINE,+,Intron,118,L2a_range=chr2:120111283-120111401_strand=+
ENST00000409180.1,MRPL35,chr2,+,14276,MIRb,86199828,176,MIR,SINE,+,Intron,176,MIRb_range=chr2:86199828-86200004_strand=+
ENST00000610352.1,Metazoa_SRP,chr1,-,345,MER5A,33028785,83,hAT-Charlie,DNA,-,Intron,83,MER5A_range=chr1:33028785-33028868_strand=-
ENST00000384677.1,Y_RNA,chrX,+,113,HY1,53324561,119,scRNA,scRNA,+,Transcription_Start_Site,53324561,HY1_range=chrX:53324561-53324680_strand=+
ENST00000668363.1,LINC02241,chr5,+,325869,L1MA10,20699153,391,L1,LINE,+,Intron,391,L1MA10_range=chr5:20699153-20699544_strand=+
ENST00000616060.1,Metazoa_SRP,chrX,-,254,AluSz,46553638,138,Alu,SINE,-,Transcription_Start_Site,46553775,AluSz_range=chrX:46553638-46553776_strand=-
ENST00000544997.6,FERMT3,chr11,+,17265,MIR3,64225084,91,MIR,SINE,+,Intron,91,MIR3_range=chr11:64225084-64225175_strand=+
ENST00000692304.1,MED12,chrX,+,25561,Charlie4z,71118017,62,hAT-Charlie,DNA,+,Promoter_Region,62,Charlie4z_range=chrX:71118017-71118079_strand=+
ENST00000706432.1,USP2-AS1,chr11,+,30757,AluSq,119411143,301,Alu,SINE,-,Intron,301,AluSq_range=chr11:119411143-119411444_strand=-
ENST00000331493.7,EFCAB13,chr17,+,117358,AluY,47424874,307,Alu,SINE,-,Intron,307,AluY_range=chr17:47424874-47425181_strand=-
ENST00000565683.5,MAN2C1,chr15,-,12804,L2b,75366912,105,L2,LINE,+,Intron,105,L2b_range=chr15:75366912-75367017_strand=+
ENST00000356056.10,MYO9A,chr15,-,295860,L1MA7,71930126,1838,L1,LINE,-,Intron,1838,L1MA7_range=chr15:71930126-71931964_strand=-
ENST00000326912.8,NDUFAF3,chr3,+,2829,AluSx1,49023502,160,Alu,SINE,-,3_End_Region,160,AluSx1_range=chr3:49023502-49023662_strand=-
ENST00000703711.1,GNB1,chr1,-,103460,AluSz,1826134,300,Alu,SINE,+,Intron,300,AluSz_range=chr1:1826134-1826434_strand=+
ENST00000700682.1,PLEKHA5,chr12,+,71988,L1MB7,19200715,1265,L1,LINE,+,Transcription_End_Site,19201787,L1MB7_range=chr12:19200715-19201980_strand=+
ENST00000620431.4,CCDC125,chr5_GL339449v2_alt,-,37756,AluY,102602,297,Alu,SINE,-,Intron,297,AluY_range=chr5_GL339449v2_alt:102602-102899_strand=-
ENST00000400186.7,CSMD1,chr8,-,2056603,MIRc,4349361,186,MIR,SINE,-,Intron,186,MIRc_range=chr8:4349361-4349547_strand=-
ENST00000249700.9,TMOD2,chr15,+,64767,L1MC4,51753143,300,L1,LINE,+,Intron,300,L1MC4_range=chr15:51753143-51753443_strand=+
ENST00000437398.5,SPECC1L,chr22,+,146923,AluSz6,24311522,309,Alu,SINE,+,Intron,309,AluSz6_range=chr22:24311522-24311831_strand=+
ENST00000355790.8,LRRC20,chr10,-,82942,L1ME4a,70346659,70,L1,LINE,+,Intron,70,L1ME4a_range=chr10:70346659-70346729_strand=+
ENST00000365515.1,Y_RNA,chr1,-,120,(CA)n,89021510,35,Simple_repeat,Simple_repeat,+,Promoter_Region,35,(CA)n_range=chr1:89021510-89021545_strand=+
ENST00000416426.6,MSI2,chr17,+,424271,MER5B,57390328,168,hAT-Charlie,DNA,+,Intron,168,MER5B_range=chr17:57390328-57390496_strand=+
ENST00000596580.2,FARP1,chr13,+,264079,AluSz,98209514,312,Alu,SINE,+,Intron,312,AluSz_range=chr13:98209514-98209826_strand=+
ENST00000552101.1,NOVA1-DT,chr14,+,24300,AluSx3,26790388,294,Alu,SINE,+,Intron,294,AluSx3_range=chr14:26790388-26790682_strand=+
ENST00000398015.8,EPHB1,chr3,+,465208,MER5A,135235319,157,hAT-Charlie,DNA,+,Intron,157,MER5A_range=chr3:135235319-135235476_strand=+
ENST00000641989.1,MAPK10,chr4,-,341636,L1ME3Cz,86208900,423,L1,LINE,+,Intron,423,L1ME3Cz_range=chr4:86208900-86209323_strand=+
ENST00000437180.5,RUNX1,chr21,-,261498,MER3,34928087,174,hAT-Charlie,DNA,-,Intron,174,MER3_range=chr21:34928087-34928261_strand=-
ENST00000589145.1,CYGB,chr17,-,22642,AluY,76552190,308,Alu,SINE,-,Promoter_Region,308,AluY_range=chr17:76552190-76552498_strand=-
ENST00000360647.9,ZNF148,chr3,-,149657,AluJo,125287356,259,Alu,SINE,+,Intron,259,AluJo_range=chr3:125287356-125287615_strand=+
ENST00000516510.1,Y_RNA,chr18,-,99,(AAAC)n,8720661,23,Simple_repeat,Simple_repeat,+,Promoter_Region,23,(AAAC)n_range=chr18:8720661-8720684_strand=+
ENST00000384178.1,Y_RNA,chr1,-,104,(TA)n,180518199,25,Simple_repeat,Simple_repeat,+,Intron,25,(TA)n_range=chr1:180518199-180518224_strand=+
ENST00000384014.1,Y_RNA,chr5,-,113,AluSg4,172779350,297,Alu,SINE,-,Intron,297,AluSg4_range=chr5:172779350-172779647_strand=-
ENST00000298972.5,KCNC2,chr12,-,169669,L5,75184671,338,RTE-X,LINE,-,Intron,338,L5_range=chr12:75184671-75185009_strand=-
ENST00000669565.1,DLG1,chr3,-,254911,AluSx,197233394,289,Alu,SINE,-,Intron,289,AluSx_range=chr3:197233394-197233683_strand=-
ENST00000399126.1,COL25A1,chr4,-,478768,LTR9D,109127753,59,ERV1,LTR,+,Intron,59,LTR9D_range=chr4:109127753-109127812_strand=+
ENST00000409462.1,PID1,chr2,-,247292,MIRb,229094904,181,MIR,SINE,-,Intron,181,MIRb_range=chr2:229094904-229095085_strand=-
ENST00000651595.2,MRTFA,chr22,-,226405,AluY,40619607,306,Alu,SINE,+,Intron,306,AluY_range=chr22:40619607-40619913_strand=+
ENST00000551295.7,CNTN1,chr12,+,379977,CR1_Mam,40916527,79,CR1,LINE,+,Intron,79,CR1_Mam_range=chr12:40916527-40916606_strand=+
ENST00000698414.1,TRNT1,chr3,+,25030,MER81,3143206,111,hAT-Blackjack,DNA,-,Intron,111,MER81_range=chr3:3143206-3143317_strand=-
ENST00000539194.6,PROM1,chr4,-,115028,(TA)n,16041788,19,Simple_repeat,Simple_repeat,+,Intron,19,(TA)n_range=chr4:16041788-16041807_strand=+
ENST00000608949.5,ZNF678,chr1,+,113901,Harlequin-int,227677123,1748,ERV1,LTR,+,Transcription_End_Site,227677443,Harlequin-int_range=chr1:227677123-227678871_strand=+
ENST00000508946.5,ADGRL3,chr4,+,573834,(TA)n,61994762,111,Simple_repeat,Simple_repeat,+,Intron,111,(TA)n_range=chr4:61994762-61994873_strand=+
ENST00000419617.7,STK3,chr8,-,371056,AluSx,98817171,304,Alu,SINE,+,Intron,304,AluSx_range=chr8:98817171-98817475_strand=+
ENST00000377252.5,PLXDC2,chr10,+,473425,(ATTTGC)n,20142318,41,Simple_repeat,Simple_repeat,+,Intron,41,(ATTTGC)n_range=chr10:20142318-20142359_strand=+
ENST00000395390.6,PHF20L1,chr8,+,71016,MIR,132786607,223,MIR,SINE,+,Intron,223,MIR_range=chr8:132786607-132786830_strand=+
ENST00000706453.1,PMPCB,chr7,+,32466,L1MC4,103309693,211,L1,LINE,+,Intron,211,L1MC4_range=chr7:103309693-103309904_strand=+
ENST00000672312.1,ANK2,chr4,+,566128,L1PA15,112829505,169,L1,LINE,+,Intron,169,L1PA15_range=chr4:112829505-112829674_strand=+
ENST00000491062.5,FXR1,chr3,+,63748,(TA)n,180926478,29,Simple_repeat,Simple_repeat,+,Intron,29,(TA)n_range=chr3:180926478-180926507_strand=+
ENST00000373344.11,ATRX,chrX,-,281337,L1MA3,77519575,886,L1,LINE,+,Intron,886,L1MA3_range=chrX:77519575-77520461_strand=+
ENST00000450446.6,FAM168A,chr11,-,192116,L1MB8,73545325,292,L1,LINE,+,Intron,292,L1MB8_range=chr11:73545325-73545617_strand=+
ENST00000330677.7,NR2C1,chr12,-,43120,AluJb,95055985,293,Alu,SINE,+,Intron,293,AluJb_range=chr12:95055985-95056278_strand=+
ENST00000362025.9,RAB3IP,chr12,+,76324,MIRb,69753993,153,MIR,SINE,-,Intron,153,MIRb_range=chr12:69753993-69754146_strand=-
ENST00000437633.6,DOCK4,chr7,-,480290,AluSz,111740099,301,Alu,SINE,-,Intron,301,AluSz_range=chr7:111740099-111740400_strand=-
ENST00000404098.6,PLCB1,chr20,+,517464,L2a,8484324,29,L2,LINE,+,Intron,29,L2a_range=chr20:8484324-8484353_strand=+
ENST00000556275.5,ESR2,chr14,-,210179,FLAM_C,64154048,135,Alu,SINE,+,Intron,135,FLAM_C_range=chr14:64154048-64154183_strand=+
ENST00000364290.1,Y_RNA,chr2,-,113,L1ME4c,25696117,237,L1,LINE,+,Intron,237,L1ME4c_range=chr2:25696117-25696354_strand=+
ENST00000616324.1,Metazoa_SRP,chr1,-,269,MER46C,182575813,123,TcMar-Tigger,DNA,+,Intron,123,MER46C_range=chr1:182575813-182575936_strand=+
ENST00000345633.8,CASP7,chr10,+,51235,L1MA9,113683315,1774,L1,LINE,-,Intron,1774,L1MA9_range=chr10:113683315-113685089_strand=-
ENST00000662084.1,PWRN1,chr15,+,16707,MER49,24353964,707,ERV1,LTR,-,Intron,707,MER49_range=chr15:24353964-24354671_strand=-
ENST00000257408.5,KLB,chr4,+,44604,AluSz,39425835,136,Alu,SINE,+,Intron,136,AluSz_range=chr4:39425835-39425971_strand=+
ENST00000654201.1,ENSG00000253608,chr8,+,37907,Charlie4a,48697203,123,hAT-Charlie,DNA,+,Intron,123,Charlie4a_range=chr8:48697203-48697326_strand=+
ENST00000618778.4,GTDC1,chr2,-,231202,L2c,144059008,320,L2,LINE,+,Intron,320,L2c_range=chr2:144059008-144059328_strand=+
ENST00000383772.9,RARB,chr3,+,768421,Charlie1a,24880635,239,hAT-Charlie,DNA,+,Intron,239,Charlie1a_range=chr3:24880635-24880874_strand=+
ENST00000565113.5,DNAAF4-CCPG1,chr15,-,143113,AluSx4,55483086,308,Alu,SINE,-,Intron,308,AluSx4_range=chr15:55483086-55483394_strand=-
ENST00000364679.1,Y_RNA,chr12,-,109,AluSx,7783171,307,Alu,SINE,+,Intron,307,AluSx_range=chr12:7783171-7783478_strand=+
ENST00000612278.4,SLC22A24,chr11,-,64282,L2b,63096124,184,L2,LINE,-,Intron,184,L2b_range=chr11:63096124-63096308_strand=-
ENST00000264229.11,CRACD,chr4,+,158431,A-rich,56326322,37,Low_complexity,Low_complexity,+,Intron,37,A-rich_range=chr4:56326322-56326359_strand=+
ENST00000689825.2,ENSG00000286923,chr7,+,13938,MLT1G1,100010907,152,ERVL-MaLR,LTR,+,Intron,152,MLT1G1_range=chr7:100010907-100011059_strand=+
ENST00000367881.11,TMCO1,chr1,-,42074,L1MC1,165748699,494,L1,LINE,-,Intron,494,L1MC1_range=chr1:165748699-165749193_strand=-
ENST00000370730.5,ADGRL2,chr1,+,686257,L1MCa,81642439,867,L1,LINE,+,Intron,867,L1MCa_range=chr1:81642439-81643306_strand=+
ENST00000261369.9,SNX24,chr5,+,163593,MIRc,122985447,158,MIR,SINE,+,Intron,158,MIRc_range=chr5:122985447-122985605_strand=+
ENST00000689103.1,CLCC1,chr1,-,37544,L1MB8,108950976,148,L1,LINE,+,Intron,148,L1MB8_range=chr1:108950976-108951124_strand=+
ENST00000437600.9,CUX1,chr7,+,468055,AluJo,102103462,272,Alu,SINE,-,Intron,272,AluJo_range=chr7:102103462-102103734_strand=-
ENST00000495324.5,ZNF433-AS1,chr19,+,30815,LTR39,12012661,144,ERV1,LTR,+,Intron,144,LTR39_range=chr19:12012661-12012805_strand=+
ENST00000620139.4,MREG,chr2,-,70809,L4_C_Mam,215997080,87,RTE-X,LINE,-,Intron,87,L4_C_Mam_range=chr2:215997080-215997167_strand=-
ENST00000611277.1,SERF1B,chr5_GL339449v2_alt,-,6439,MER5B,505686,52,hAT-Charlie,DNA,+,Intron,52,MER5B_range=chr5_GL339449v2_alt:505686-505738_strand=+
ENST00000517654.5,CYRIB,chr8,-,174968,L2a,129947434,119,L2,LINE,+,Intron,119,L2a_range=chr8:129947434-129947553_strand=+
ENST00000619475.1,Y_RNA,chr9,+,112,MIRb,67696811,155,MIR,SINE,-,Promoter_Region,155,MIRb_range=chr9:67696811-67696966_strand=-
ENST00000240874.7,KALRN,chr3,+,425170,AluY,124270793,337,Alu,SINE,-,Intron,337,AluY_range=chr3:124270793-124271130_strand=-
ENST00000617836.4,ITPK1,chr14_KI270847v1_alt,-,179005,MLT1D,201613,315,ERVL-MaLR,LTR,-,Intron,315,MLT1D_range=chr14_KI270847v1_alt:201613-201928_strand=-
ENST00000665416.1,MIR924HG,chr18,-,593041,AluSq2,39473391,278,Alu,SINE,-,Intron,278,AluSq2_range=chr18:39473391-39473669_strand=-
ENST00000372801.5,STK4,chr20,+,109087,MIRc,45044746,174,MIR,SINE,+,Intron,174,MIRc_range=chr20:45044746-45044920_strand=+
ENST00000432829.7,DOCK8,chr9,+,250391,AluSx1,372902,291,Alu,SINE,+,Intron,291,AluSx1_range=chr9:372902-373193_strand=+
ENST00000693296.1,MTUS1,chr8,-,157293,MER11A,17702822,529,ERVK,LTR,+,Intron,529,MER11A_range=chr8:17702822-17703351_strand=+
ENST00000644256.1,HECW2,chr2,-,387393,MLT1C,196391670,417,ERVL-MaLR,LTR,-,Intron,417,MLT1C_range=chr2:196391670-196392087_strand=-
ENST00000515794.3,AFDN,chr6,+,145130,L2c,167922513,117,L2,LINE,-,Intron,117,L2c_range=chr6:167922513-167922630_strand=-
ENST00000381669.8,BAIAP2L2,chr22,-,25785,L2a,38105640,241,L2,LINE,+,Intron,241,L2a_range=chr22:38105640-38105881_strand=+
ENST00000522566.5,FZD6,chr8,+,34385,L1MCa,103296937,149,L1,LINE,+,Promoter_Region,149,L1MCa_range=chr8:103296937-103297086_strand=+
ENST00000415912.6,ECE1,chr1,-,128258,AluJb,21228209,153,Alu,SINE,-,Intron,153,AluJb_range=chr1:21228209-21228362_strand=-
ENST00000390009.7,ACTN4,chr19,+,81710,(TG)n,38667332,25,Simple_repeat,Simple_repeat,+,Intron,25,(TG)n_range=chr19:38667332-38667357_strand=+
ENST00000503423.6,ANK2,chr4,+,557404,AluSq,113156368,294,Alu,SINE,-,Intron,294,AluSq_range=chr4:113156368-113156662_strand=-
ENST00000639242.1,MAPK10,chr4,-,341955,AluJb,86221682,114,Alu,SINE,-,Intron,114,AluJb_range=chr4:86221682-86221796_strand=-
ENST00000641799.1,OLMALINC,chr10,+,80500,(AAT)n,100397135,16,Simple_repeat,Simple_repeat,+,Intron,16,(AAT)n_range=chr10:100397135-100397151_strand=+
ENST00000507295.5,ACSL1,chr4,-,69254,AluJb,184777185,269,Alu,SINE,+,Intron,269,AluJb_range=chr4:184777185-184777454_strand=+
ENST00000614529.1,Metazoa_SRP,chr17_GL000258v2_alt,-,278,MER97b,855083,140,hAT-Tip100,DNA,+,Intron,140,MER97b_range=chr17_GL000258v2_alt:855083-855223_strand=+
ENST00000320301.11,PCDH15,chr10,-,980133,MIRb,53918200,190,MIR,SINE,-,Intron,190,MIRb_range=chr10:53918200-53918390_strand=-
ENST00000706162.1,CHN2,chr7,+,319409,(TTTC)n,29405780,19,Simple_repeat,Simple_repeat,+,Intron,19,(TTTC)n_range=chr7:29405780-29405799_strand=+
ENST00000432161.5,AKR1D1,chr7,+,40482,AluSc,138084775,304,Alu,SINE,+,Intron,304,AluSc_range=chr7:138084775-138085079_strand=+
ENST00000668734.1,ENSG00000225087,chr1,-,262430,L1ME3D,72737544,145,L1,LINE,+,Intron,145,L1ME3D_range=chr1:72737544-72737689_strand=+
ENST00000682945.1,CTNNA3,chr10,-,1747561,(TATT)n,66733532,38,Simple_repeat,Simple_repeat,+,Intron,38,(TATT)n_range=chr10:66733532-66733570_strand=+
ENST00000340415.7,RAB37,chr17,+,76757,MER45A,74683491,147,hAT-Tip100,DNA,+,Intron,147,MER45A_range=chr17:74683491-74683638_strand=+
ENST00000568606.5,SQOR,chr15,+,60133,L2a,45642048,56,L2,LINE,+,Intron,56,L2a_range=chr15:45642048-45642104_strand=+
ENST00000650872.1,LINC01821,chr2,+,229120,MLT1B,194443036,229,ERVL-MaLR,LTR,-,Intron,229,MLT1B_range=chr2:194443036-194443265_strand=-
ENST00000638936.1,PIGN,chr18,-,142446,L1MD1,62054791,931,L1,LINE,+,Intron,931,L1MD1_range=chr18:62054791-62055722_strand=+
ENST00000350763.9,TNC,chr9,-,98583,(TATATATATG)n,115095448,265,Simple_repeat,Simple_repeat,+,Intron,265,(TATATATATG)n_range=chr9:115095448-115095713_strand=+
ENST00000373798.5,EPB41,chr1,+,226306,(TTGT)n,28977549,31,Simple_repeat,Simple_repeat,+,Intron,31,(TTGT)n_range=chr1:28977549-28977580_strand=+
ENST00000416284.8,TAFA2,chr12,-,484501,L2a,61878398,213,L2,LINE,+,Intron,213,L2a_range=chr12:61878398-61878611_strand=+
ENST00000622835.4,MARVELD2,chr5_GL339449v2_alt,+,26491,MIR,209508,137,MIR,SINE,+,Intron,137,MIR_range=chr5_GL339449v2_alt:209508-209645_strand=+
ENST00000464873.5,RUVBL1,chr3,-,89130,AluY,128105111,307,Alu,SINE,-,Intron,307,AluY_range=chr3:128105111-128105418_strand=-
ENST00000422127.5,OBSCN,chr1,+,170745,(T)n,228253151,17,Simple_repeat,Simple_repeat,+,Intron,17,(T)n_range=chr1:228253151-228253168_strand=+
ENST00000307340.8,USH2A,chr1,-,800558,MIR,215980182,201,MIR,SINE,-,Intron,201,MIR_range=chr1:215980182-215980383_strand=-
ENST00000561663.6,NUP93-DT,chr16,-,21561,L1ME1,56720932,374,L1,LINE,+,Intron,374,L1ME1_range=chr16:56720932-56721306_strand=+
ENST00000182377.8,FAR2,chr12,+,110409,AluJr,29278342,304,Alu,SINE,-,Intron,304,AluJr_range=chr12:29278342-29278646_strand=-
ENST00000382141.4,ENSG00000273167,chr13,+,341332,L1MA5,24256223,260,L1,LINE,+,Intron,260,L1MA5_range=chr13:24256223-24256483_strand=+
ENST00000370350.7,FATE1,chrX,+,7160,A-rich,151719126,58,Low_complexity,Low_complexity,+,Intron,58,A-rich_range=chrX:151719126-151719184_strand=+
ENST00000611864.5,MGAT4C,chr12,-,300725,AluSz6,86104160,309,Alu,SINE,+,Intron,309,AluSz6_range=chr12:86104160-86104469_strand=+
ENST00000635828.1,CDKL5,chrX,+,201537,L1MEg,18464086,158,L1,LINE,-,Intron,158,L1MEg_range=chrX:18464086-18464244_strand=-
ENST00000635775.1,ENSG00000283674,chr8,-,128510,L1M2,12615653,2186,L1,LINE,+,Intron,2186,L1M2_range=chr8:12615653-12617839_strand=+
ENST00000655565.1,LINC02347,chr12,+,26712,L1P1,126471569,233,L1,LINE,-,3_End_Region,233,L1P1_range=chr12:126471569-126471802_strand=-
ENST00000264203.7,CAPZB,chr1,-,146738,FLAM_C,19366164,119,Alu,SINE,+,Intron,119,FLAM_C_range=chr1:19366164-19366283_strand=+
ENST00000253048.10,ZC3H4,chr19,-,49590,(CA)n,47075610,29,Simple_repeat,Simple_repeat,+,Intron,29,(CA)n_range=chr19:47075610-47075639_strand=+
ENST00000355446.9,ERC1,chr12,+,464716,AluSz,1094406,303,Alu,SINE,-,Intron,303,AluSz_range=chr12:1094406-1094709_strand=-
ENST00000423061.6,SYNE1,chr6,-,515204,L1M5,152411073,438,L1,LINE,-,Intron,438,L1M5_range=chr6:152411073-152411511_strand=-
ENST00000615469.1,Metazoa_SRP,chr10,+,268,MIR,97296876,61,MIR,SINE,+,Promoter_Region,61,MIR_range=chr10:97296876-97296937_strand=+
ENST00000419425.1,ENSG00000236213,chr2,+,46563,Tigger5b,37639908,116,TcMar-Tigger,DNA,-,Intron,116,Tigger5b_range=chr2:37639908-37640024_strand=-
ENST00000374789.8,PARD3,chr10,-,705736,MER97d,34601438,1054,hAT-Tip100,DNA,+,Intron,1054,MER97d_range=chr10:34601438-34602492_strand=+
ENST00000653972.1,D21S2088E,chr21,-,61621,L1MEf,23395262,150,L1,LINE,+,Intron,150,L1MEf_range=chr21:23395262-23395412_strand=+
ENST00000362461.1,Y_RNA,chr9,-,102,MLT1D,109042222,166,ERVL-MaLR,LTR,-,Transcription_End_Site,109042385,MLT1D_range=chr9:109042222-109042388_strand=-
ENST00000515393.6,MCTP1,chr5,-,581405,L2a,95106627,119,L2,LINE,-,Intron,119,L2a_range=chr5:95106627-95106746_strand=-
ENST00000646231.1,HULC,chr6,+,616289,MLT1B,8649209,401,ERVL-MaLR,LTR,-,Intron,401,MLT1B_range=chr6:8649209-8649610_strand=-
ENST00000541714.7,TJP3,chr19,+,42430,AluJb,3716623,122,Alu,SINE,-,Intron,122,AluJb_range=chr19:3716623-3716745_strand=-
ENST00000443272.3,NFIC,chr19,+,102635,AluSx1,3406094,299,Alu,SINE,-,Intron,299,AluSx1_range=chr19:3406094-3406393_strand=-
ENST00000549921.6,FRS2,chr12,+,109406,AluJb,69491098,298,Alu,SINE,-,Intron,298,AluJb_range=chr12:69491098-69491396_strand=-
ENST00000321892.8,BPTF,chr17,+,158715,AluSg,67917131,290,Alu,SINE,-,Intron,290,AluSg_range=chr17:67917131-67917421_strand=-
ENST00000475377.3,FMNL2,chr2,+,314374,MIR,152644245,49,MIR,SINE,-,Intron,49,MIR_range=chr2:152644245-152644294_strand=-
ENST00000635017.1,CFAP99,chr4,+,43969,MLT1L,2445733,112,ERVL-MaLR,LTR,-,Intron,112,MLT1L_range=chr4:2445733-2445845_strand=-
ENST00000319653.14,FMN2,chr1,+,383305,AluSx1,240438991,288,Alu,SINE,+,Intron,288,AluSx1_range=chr1:240438991-240439279_strand=+
ENST00000409175.6,MARCHF7,chr2,+,58522,AluYk2,159726278,283,Alu,SINE,-,Intron,283,AluYk2_range=chr2:159726278-159726561_strand=-
ENST00000645822.1,ENSG00000285280,chr1,-,199872,L1PB1,192779021,1381,L1,LINE,-,Intron,1381,L1PB1_range=chr1:192779021-192780402_strand=-
ENST00000528420.5,UVRAG,chr11,+,302851,(CATA)n,75939537,57,Simple_repeat,Simple_repeat,+,Intron,57,(CATA)n_range=chr11:75939537-75939594_strand=+
ENST00000657223.1,LINC00383,chr13,+,99690,L1ME4b,69287961,216,L1,LINE,+,Intron,216,L1ME4b_range=chr13:69287961-69288177_strand=+
ENST00000646338.1,ENSG00000228714,chr9,-,419399,MER51-int,115383426,313,ERV1,LTR,-,Intron,313,MER51-int_range=chr9:115383426-115383739_strand=-
ENST00000366577.10,MTR,chr1,+,108690,FRAM,236902987,160,Alu,SINE,+,Intron,160,FRAM_range=chr1:236902987-236903147_strand=+
ENST00000530444.5,MAJIN,chr11,-,33794,MIRc,64962553,233,MIR,SINE,+,Intron,233,MIRc_range=chr11:64962553-64962786_strand=+
ENST00000361346.6,FOXJ3,chr1,-,158688,MIRc,42326882,233,MIR,SINE,+,Intron,233,MIRc_range=chr1:42326882-42327115_strand=+
ENST00000341852.10,TNIK,chr3,-,397079,MIRc,171337020,117,MIR,SINE,+,Intron,117,MIRc_range=chr3:171337020-171337137_strand=+
ENST00000502330.5,SPOCK3,chr4,-,500398,AluSc8,166838670,302,Alu,SINE,+,Intron,302,AluSc8_range=chr4:166838670-166838972_strand=+
ENST00000676387.2,SBF2,chr11,-,515212,L1M5,10247087,311,L1,LINE,+,Intron,311,L1M5_range=chr11:10247087-10247398_strand=+
ENST00000680859.1,CCDC82,chr11,-,36654,AluSq2,96376425,302,Alu,SINE,-,Intron,302,AluSq2_range=chr11:96376425-96376727_strand=-
ENST00000261201.10,ABCC9,chr12,-,144038,MIRb,21828324,138,MIR,SINE,-,Intron,138,MIRb_range=chr12:21828324-21828462_strand=-
ENST00000513332.5,ENSG00000251567,chr4,-,162620,(TATATAA)n,136132852,21,Simple_repeat,Simple_repeat,+,Intron,21,(TATATAA)n_range=chr4:136132852-136132873_strand=+
ENST00000372367.5,ST3GAL3,chr1,+,193959,AluY,43922819,288,Alu,SINE,+,Intron,288,AluY_range=chr1:43922819-43923107_strand=+
ENST00000626364.2,MUC4,chr3_KI270779v1_alt,-,72416,LTR38B,180634,161,ERV1,LTR,+,Intron,161,LTR38B_range=chr3_KI270779v1_alt:180634-180795_strand=+
ENST00000611061.1,Y_RNA,chr15_KI270905v1_alt,+,94,AluSz,2960241,342,Alu,SINE,+,Intron,342,AluSz_range=chr15_KI270905v1_alt:2960241-2960583_strand=+
ENST00000703706.1,GNB1,chr1,-,105072,L1MB5,1816929,584,L1,LINE,-,Intron,584,L1MB5_range=chr1:1816929-1817513_strand=-
ENST00000666463.1,LINC02284,chr14,+,1434,MIR,56311573,246,MIR,SINE,+,Exon,246,MIR_range=chr14:56311573-56311819_strand=+
ENST00000503738.5,GPN1,chr2,+,21562,FLAM_C,27636856,124,Alu,SINE,-,Intron,124,FLAM_C_range=chr2:27636856-27636980_strand=-
ENST00000366565.5,RGS7,chr1,-,581716,AluJb,240960218,321,Alu,SINE,-,Intron,321,AluJb_range=chr1:240960218-240960539_strand=-
